ZEIT;RAUM;MERKMAL;WERT
31.12.1999;11 Aegidii;Wohnberechtigte Bevölkerung;1428
31.12.1999;12 Überwasser;Wohnberechtigte Bevölkerung;1450
31.12.1999;13 Dom;Wohnberechtigte Bevölkerung;2299
31.12.1999;14 Buddenturm;Wohnberechtigte Bevölkerung;2343
31.12.1999;15 Martini;Wohnberechtigte Bevölkerung;1341
31.12.1999;21 Pluggendorf;Wohnberechtigte Bevölkerung;4559
31.12.1999;22 Josef;Wohnberechtigte Bevölkerung;8245
31.12.1999;23 Bahnhof;Wohnberechtigte Bevölkerung;1004
31.12.1999;24 Hansaplatz;Wohnberechtigte Bevölkerung;6625
31.12.1999;25 Mauritz-West;Wohnberechtigte Bevölkerung;5789
31.12.1999;26 Schlachthof;Wohnberechtigte Bevölkerung;4281
31.12.1999;27 Kreuz;Wohnberechtigte Bevölkerung;12166
31.12.1999;28 Neutor;Wohnberechtigte Bevölkerung;4139
31.12.1999;29 Schloss;Wohnberechtigte Bevölkerung;1914
31.12.1999;31 Aaseestadt;Wohnberechtigte Bevölkerung;5489
31.12.1999;32 Geist;Wohnberechtigte Bevölkerung;8601
31.12.1999;33 Schützenhof;Wohnberechtigte Bevölkerung;7058
31.12.1999;34 Düesberg;Wohnberechtigte Bevölkerung;6757
31.12.1999;43 Hafen;Wohnberechtigte Bevölkerung;982
31.12.1999;44 Herz-Jesu;Wohnberechtigte Bevölkerung;5298
31.12.1999;45 Mauritz-Mitte;Wohnberechtigte Bevölkerung;9956
31.12.1999;46 Rumphorst;Wohnberechtigte Bevölkerung;7826
31.12.1999;47 Uppenberg;Wohnberechtigte Bevölkerung;6847
31.12.1999;51 Gievenbeck;Wohnberechtigte Bevölkerung;16871
31.12.1999;52 Sentrup;Wohnberechtigte Bevölkerung;6696
31.12.1999;54 Mecklenbeck;Wohnberechtigte Bevölkerung;8436
31.12.1999;56 Albachten;Wohnberechtigte Bevölkerung;4830
31.12.1999;57 Roxel;Wohnberechtigte Bevölkerung;7805
31.12.1999;58 Nienberge;Wohnberechtigte Bevölkerung;6936
31.12.1999;61 Coerde;Wohnberechtigte Bevölkerung;9482
31.12.1999;62 Kinderhaus-Ost;Wohnberechtigte Bevölkerung;5196
31.12.1999;63 Kinderhaus-West;Wohnberechtigte Bevölkerung;11076
31.12.1999;68 Sprakel;Wohnberechtigte Bevölkerung;2755
31.12.1999;71 Mauritz-Ost;Wohnberechtigte Bevölkerung;9909
31.12.1999;76 Gelmer-Dyckburg;Wohnberechtigte Bevölkerung;3465
31.12.1999;77 Handorf;Wohnberechtigte Bevölkerung;6898
31.12.1999;81 Gremmendorf-West;Wohnberechtigte Bevölkerung;4518
31.12.1999;82 Gremmendorf-Ost;Wohnberechtigte Bevölkerung;5719
31.12.1999;86 Angelmodde;Wohnberechtigte Bevölkerung;7654
31.12.1999;87 Wolbeck;Wohnberechtigte Bevölkerung;8958
31.12.1999;91 Berg Fidel;Wohnberechtigte Bevölkerung;5841
31.12.1999;95 Hiltrup-Ost;Wohnberechtigte Bevölkerung;7219
31.12.1999;96 Hiltrup-Mitte;Wohnberechtigte Bevölkerung;9660
31.12.1999;97 Hiltrup-West;Wohnberechtigte Bevölkerung;8365
31.12.1999;98 Amelsbüren;Wohnberechtigte Bevölkerung;4978
31.12.2000;11 Aegidii;Wohnberechtigte Bevölkerung;1381
31.12.2000;12 Überwasser;Wohnberechtigte Bevölkerung;1408
31.12.2000;13 Dom;Wohnberechtigte Bevölkerung;2255
31.12.2000;14 Buddenturm;Wohnberechtigte Bevölkerung;2324
31.12.2000;15 Martini;Wohnberechtigte Bevölkerung;1341
31.12.2000;21 Pluggendorf;Wohnberechtigte Bevölkerung;4464
31.12.2000;22 Josef;Wohnberechtigte Bevölkerung;8111
31.12.2000;23 Bahnhof;Wohnberechtigte Bevölkerung;986
31.12.2000;24 Hansaplatz;Wohnberechtigte Bevölkerung;6528
31.12.2000;25 Mauritz-West;Wohnberechtigte Bevölkerung;5697
31.12.2000;26 Schlachthof;Wohnberechtigte Bevölkerung;4233
31.12.2000;27 Kreuz;Wohnberechtigte Bevölkerung;12144
31.12.2000;28 Neutor;Wohnberechtigte Bevölkerung;4112
31.12.2000;29 Schloss;Wohnberechtigte Bevölkerung;1828
31.12.2000;31 Aaseestadt;Wohnberechtigte Bevölkerung;5464
31.12.2000;32 Geist;Wohnberechtigte Bevölkerung;8493
31.12.2000;33 Schützenhof;Wohnberechtigte Bevölkerung;6979
31.12.2000;34 Düesberg;Wohnberechtigte Bevölkerung;6636
31.12.2000;43 Hafen;Wohnberechtigte Bevölkerung;977
31.12.2000;44 Herz-Jesu;Wohnberechtigte Bevölkerung;5217
31.12.2000;45 Mauritz-Mitte;Wohnberechtigte Bevölkerung;9909
31.12.2000;46 Rumphorst;Wohnberechtigte Bevölkerung;7698
31.12.2000;47 Uppenberg;Wohnberechtigte Bevölkerung;7080
31.12.2000;51 Gievenbeck;Wohnberechtigte Bevölkerung;17243
31.12.2000;52 Sentrup;Wohnberechtigte Bevölkerung;6736
31.12.2000;54 Mecklenbeck;Wohnberechtigte Bevölkerung;8670
31.12.2000;56 Albachten;Wohnberechtigte Bevölkerung;4772
31.12.2000;57 Roxel;Wohnberechtigte Bevölkerung;7715
31.12.2000;58 Nienberge;Wohnberechtigte Bevölkerung;6798
31.12.2000;61 Coerde;Wohnberechtigte Bevölkerung;9794
31.12.2000;62 Kinderhaus-Ost;Wohnberechtigte Bevölkerung;5175
31.12.2000;63 Kinderhaus-West;Wohnberechtigte Bevölkerung;10826
31.12.2000;68 Sprakel;Wohnberechtigte Bevölkerung;2765
31.12.2000;71 Mauritz-Ost;Wohnberechtigte Bevölkerung;9890
31.12.2000;76 Gelmer-Dyckburg;Wohnberechtigte Bevölkerung;3450
31.12.2000;77 Handorf;Wohnberechtigte Bevölkerung;6992
31.12.2000;81 Gremmendorf-West;Wohnberechtigte Bevölkerung;4616
31.12.2000;82 Gremmendorf-Ost;Wohnberechtigte Bevölkerung;5940
31.12.2000;86 Angelmodde;Wohnberechtigte Bevölkerung;7664
31.12.2000;87 Wolbeck;Wohnberechtigte Bevölkerung;8901
31.12.2000;91 Berg Fidel;Wohnberechtigte Bevölkerung;5802
31.12.2000;95 Hiltrup-Ost;Wohnberechtigte Bevölkerung;7148
31.12.2000;96 Hiltrup-Mitte;Wohnberechtigte Bevölkerung;9737
31.12.2000;97 Hiltrup-West;Wohnberechtigte Bevölkerung;8543
31.12.2000;98 Amelsbüren;Wohnberechtigte Bevölkerung;5019
31.12.2001;11 Aegidii;Wohnberechtigte Bevölkerung;1293
31.12.2001;12 Überwasser;Wohnberechtigte Bevölkerung;1392
31.12.2001;13 Dom;Wohnberechtigte Bevölkerung;2122
31.12.2001;14 Buddenturm;Wohnberechtigte Bevölkerung;2292
31.12.2001;15 Martini;Wohnberechtigte Bevölkerung;1317
31.12.2001;21 Pluggendorf;Wohnberechtigte Bevölkerung;4380
31.12.2001;22 Josef;Wohnberechtigte Bevölkerung;7960
31.12.2001;23 Bahnhof;Wohnberechtigte Bevölkerung;980
31.12.2001;24 Hansaplatz;Wohnberechtigte Bevölkerung;6408
31.12.2001;25 Mauritz-West;Wohnberechtigte Bevölkerung;5622
31.12.2001;26 Schlachthof;Wohnberechtigte Bevölkerung;4565
31.12.2001;27 Kreuz;Wohnberechtigte Bevölkerung;11891
31.12.2001;28 Neutor;Wohnberechtigte Bevölkerung;4044
31.12.2001;29 Schloss;Wohnberechtigte Bevölkerung;1858
31.12.2001;31 Aaseestadt;Wohnberechtigte Bevölkerung;5417
31.12.2001;32 Geist;Wohnberechtigte Bevölkerung;8563
31.12.2001;33 Schützenhof;Wohnberechtigte Bevölkerung;6869
31.12.2001;34 Düesberg;Wohnberechtigte Bevölkerung;6564
31.12.2001;43 Hafen;Wohnberechtigte Bevölkerung;913
31.12.2001;44 Herz-Jesu;Wohnberechtigte Bevölkerung;5140
31.12.2001;45 Mauritz-Mitte;Wohnberechtigte Bevölkerung;9739
31.12.2001;46 Rumphorst;Wohnberechtigte Bevölkerung;7851
31.12.2001;47 Uppenberg;Wohnberechtigte Bevölkerung;7308
31.12.2001;51 Gievenbeck;Wohnberechtigte Bevölkerung;17370
31.12.2001;52 Sentrup;Wohnberechtigte Bevölkerung;6680
31.12.2001;54 Mecklenbeck;Wohnberechtigte Bevölkerung;8881
31.12.2001;56 Albachten;Wohnberechtigte Bevölkerung;4693
31.12.2001;57 Roxel;Wohnberechtigte Bevölkerung;7743
31.12.2001;58 Nienberge;Wohnberechtigte Bevölkerung;6745
31.12.2001;61 Coerde;Wohnberechtigte Bevölkerung;9714
31.12.2001;62 Kinderhaus-Ost;Wohnberechtigte Bevölkerung;5125
31.12.2001;63 Kinderhaus-West;Wohnberechtigte Bevölkerung;10790
31.12.2001;68 Sprakel;Wohnberechtigte Bevölkerung;2736
31.12.2001;71 Mauritz-Ost;Wohnberechtigte Bevölkerung;9789
31.12.2001;76 Gelmer-Dyckburg;Wohnberechtigte Bevölkerung;3413
31.12.2001;77 Handorf;Wohnberechtigte Bevölkerung;6998
31.12.2001;81 Gremmendorf-West;Wohnberechtigte Bevölkerung;4595
31.12.2001;82 Gremmendorf-Ost;Wohnberechtigte Bevölkerung;6084
31.12.2001;86 Angelmodde;Wohnberechtigte Bevölkerung;7629
31.12.2001;87 Wolbeck;Wohnberechtigte Bevölkerung;8931
31.12.2001;91 Berg Fidel;Wohnberechtigte Bevölkerung;5827
31.12.2001;95 Hiltrup-Ost;Wohnberechtigte Bevölkerung;7098
31.12.2001;96 Hiltrup-Mitte;Wohnberechtigte Bevölkerung;9735
31.12.2001;97 Hiltrup-West;Wohnberechtigte Bevölkerung;8670
31.12.2001;98 Amelsbüren;Wohnberechtigte Bevölkerung;5006
31.12.2002;11 Aegidii;Wohnberechtigte Bevölkerung;1289
31.12.2002;12 Überwasser;Wohnberechtigte Bevölkerung;1354
31.12.2002;13 Dom;Wohnberechtigte Bevölkerung;2087
31.12.2002;14 Buddenturm;Wohnberechtigte Bevölkerung;2285
31.12.2002;15 Martini;Wohnberechtigte Bevölkerung;1308
31.12.2002;21 Pluggendorf;Wohnberechtigte Bevölkerung;4258
31.12.2002;22 Josef;Wohnberechtigte Bevölkerung;7929
31.12.2002;23 Bahnhof;Wohnberechtigte Bevölkerung;981
31.12.2002;24 Hansaplatz;Wohnberechtigte Bevölkerung;6356
31.12.2002;25 Mauritz-West;Wohnberechtigte Bevölkerung;5650
31.12.2002;26 Schlachthof;Wohnberechtigte Bevölkerung;4683
31.12.2002;27 Kreuz;Wohnberechtigte Bevölkerung;11791
31.12.2002;28 Neutor;Wohnberechtigte Bevölkerung;4006
31.12.2002;29 Schloss;Wohnberechtigte Bevölkerung;1846
31.12.2002;31 Aaseestadt;Wohnberechtigte Bevölkerung;5508
31.12.2002;32 Geist;Wohnberechtigte Bevölkerung;8540
31.12.2002;33 Schützenhof;Wohnberechtigte Bevölkerung;6984
31.12.2002;34 Düesberg;Wohnberechtigte Bevölkerung;6592
31.12.2002;43 Hafen;Wohnberechtigte Bevölkerung;916
31.12.2002;44 Herz-Jesu;Wohnberechtigte Bevölkerung;5151
31.12.2002;45 Mauritz-Mitte;Wohnberechtigte Bevölkerung;9746
31.12.2002;46 Rumphorst;Wohnberechtigte Bevölkerung;8071
31.12.2002;47 Uppenberg;Wohnberechtigte Bevölkerung;7355
31.12.2002;51 Gievenbeck;Wohnberechtigte Bevölkerung;17140
31.12.2002;52 Sentrup;Wohnberechtigte Bevölkerung;6821
31.12.2002;54 Mecklenbeck;Wohnberechtigte Bevölkerung;9161
31.12.2002;56 Albachten;Wohnberechtigte Bevölkerung;4746
31.12.2002;57 Roxel;Wohnberechtigte Bevölkerung;7707
31.12.2002;58 Nienberge;Wohnberechtigte Bevölkerung;6708
31.12.2002;61 Coerde;Wohnberechtigte Bevölkerung;9837
31.12.2002;62 Kinderhaus-Ost;Wohnberechtigte Bevölkerung;5144
31.12.2002;63 Kinderhaus-West;Wohnberechtigte Bevölkerung;10865
31.12.2002;68 Sprakel;Wohnberechtigte Bevölkerung;2737
31.12.2002;71 Mauritz-Ost;Wohnberechtigte Bevölkerung;9780
31.12.2002;76 Gelmer-Dyckburg;Wohnberechtigte Bevölkerung;3359
31.12.2002;77 Handorf;Wohnberechtigte Bevölkerung;6986
31.12.2002;81 Gremmendorf-West;Wohnberechtigte Bevölkerung;4696
31.12.2002;82 Gremmendorf-Ost;Wohnberechtigte Bevölkerung;6082
31.12.2002;86 Angelmodde;Wohnberechtigte Bevölkerung;7590
31.12.2002;87 Wolbeck;Wohnberechtigte Bevölkerung;8785
31.12.2002;91 Berg Fidel;Wohnberechtigte Bevölkerung;5911
31.12.2002;95 Hiltrup-Ost;Wohnberechtigte Bevölkerung;7067
31.12.2002;96 Hiltrup-Mitte;Wohnberechtigte Bevölkerung;9807
31.12.2002;97 Hiltrup-West;Wohnberechtigte Bevölkerung;8821
31.12.2002;98 Amelsbüren;Wohnberechtigte Bevölkerung;5053
31.12.2003;11 Aegidii;Wohnberechtigte Bevölkerung;1303
31.12.2003;12 Überwasser;Wohnberechtigte Bevölkerung;1355
31.12.2003;13 Dom;Wohnberechtigte Bevölkerung;2083
31.12.2003;14 Buddenturm;Wohnberechtigte Bevölkerung;2222
31.12.2003;15 Martini;Wohnberechtigte Bevölkerung;1289
31.12.2003;21 Pluggendorf;Wohnberechtigte Bevölkerung;4225
31.12.2003;22 Josef;Wohnberechtigte Bevölkerung;7894
31.12.2003;23 Bahnhof;Wohnberechtigte Bevölkerung;980
31.12.2003;24 Hansaplatz;Wohnberechtigte Bevölkerung;6436
31.12.2003;25 Mauritz-West;Wohnberechtigte Bevölkerung;5679
31.12.2003;26 Schlachthof;Wohnberechtigte Bevölkerung;4630
31.12.2003;27 Kreuz;Wohnberechtigte Bevölkerung;11852
31.12.2003;28 Neutor;Wohnberechtigte Bevölkerung;3953
31.12.2003;29 Schloss;Wohnberechtigte Bevölkerung;1888
31.12.2003;31 Aaseestadt;Wohnberechtigte Bevölkerung;5528
31.12.2003;32 Geist;Wohnberechtigte Bevölkerung;8656
31.12.2003;33 Schützenhof;Wohnberechtigte Bevölkerung;6943
31.12.2003;34 Düesberg;Wohnberechtigte Bevölkerung;6656
31.12.2003;43 Hafen;Wohnberechtigte Bevölkerung;957
31.12.2003;44 Herz-Jesu;Wohnberechtigte Bevölkerung;5143
31.12.2003;45 Mauritz-Mitte;Wohnberechtigte Bevölkerung;9795
31.12.2003;46 Rumphorst;Wohnberechtigte Bevölkerung;8125
31.12.2003;47 Uppenberg;Wohnberechtigte Bevölkerung;7375
31.12.2003;51 Gievenbeck;Wohnberechtigte Bevölkerung;17320
31.12.2003;52 Sentrup;Wohnberechtigte Bevölkerung;6844
31.12.2003;54 Mecklenbeck;Wohnberechtigte Bevölkerung;9370
31.12.2003;56 Albachten;Wohnberechtigte Bevölkerung;4834
31.12.2003;57 Roxel;Wohnberechtigte Bevölkerung;7811
31.12.2003;58 Nienberge;Wohnberechtigte Bevölkerung;6742
31.12.2003;61 Coerde;Wohnberechtigte Bevölkerung;9946
31.12.2003;62 Kinderhaus-Ost;Wohnberechtigte Bevölkerung;5188
31.12.2003;63 Kinderhaus-West;Wohnberechtigte Bevölkerung;10983
31.12.2003;68 Sprakel;Wohnberechtigte Bevölkerung;2771
31.12.2003;71 Mauritz-Ost;Wohnberechtigte Bevölkerung;9837
31.12.2003;76 Gelmer-Dyckburg;Wohnberechtigte Bevölkerung;3412
31.12.2003;77 Handorf;Wohnberechtigte Bevölkerung;7185
31.12.2003;81 Gremmendorf-West;Wohnberechtigte Bevölkerung;4735
31.12.2003;82 Gremmendorf-Ost;Wohnberechtigte Bevölkerung;6078
31.12.2003;86 Angelmodde;Wohnberechtigte Bevölkerung;7729
31.12.2003;87 Wolbeck;Wohnberechtigte Bevölkerung;8822
31.12.2003;91 Berg Fidel;Wohnberechtigte Bevölkerung;5835
31.12.2003;95 Hiltrup-Ost;Wohnberechtigte Bevölkerung;7047
31.12.2003;96 Hiltrup-Mitte;Wohnberechtigte Bevölkerung;9847
31.12.2003;97 Hiltrup-West;Wohnberechtigte Bevölkerung;8934
31.12.2003;98 Amelsbüren;Wohnberechtigte Bevölkerung;5048
31.12.2004;11 Aegidii;Wohnberechtigte Bevölkerung;1313
31.12.2004;12 Überwasser;Wohnberechtigte Bevölkerung;1350
31.12.2004;13 Dom;Wohnberechtigte Bevölkerung;2086
31.12.2004;14 Buddenturm;Wohnberechtigte Bevölkerung;2223
31.12.2004;15 Martini;Wohnberechtigte Bevölkerung;1303
31.12.2004;21 Pluggendorf;Wohnberechtigte Bevölkerung;4213
31.12.2004;22 Josef;Wohnberechtigte Bevölkerung;8001
31.12.2004;23 Bahnhof;Wohnberechtigte Bevölkerung;1010
31.12.2004;24 Hansaplatz;Wohnberechtigte Bevölkerung;6362
31.12.2004;25 Mauritz-West;Wohnberechtigte Bevölkerung;5614
31.12.2004;26 Schlachthof;Wohnberechtigte Bevölkerung;4659
31.12.2004;27 Kreuz;Wohnberechtigte Bevölkerung;11688
31.12.2004;28 Neutor;Wohnberechtigte Bevölkerung;3750
31.12.2004;29 Schloss;Wohnberechtigte Bevölkerung;1880
31.12.2004;31 Aaseestadt;Wohnberechtigte Bevölkerung;5436
31.12.2004;32 Geist;Wohnberechtigte Bevölkerung;8670
31.12.2004;33 Schützenhof;Wohnberechtigte Bevölkerung;6892
31.12.2004;34 Düesberg;Wohnberechtigte Bevölkerung;6643
31.12.2004;43 Hafen;Wohnberechtigte Bevölkerung;908
31.12.2004;44 Herz-Jesu;Wohnberechtigte Bevölkerung;5175
31.12.2004;45 Mauritz-Mitte;Wohnberechtigte Bevölkerung;9732
31.12.2004;46 Rumphorst;Wohnberechtigte Bevölkerung;8087
31.12.2004;47 Uppenberg;Wohnberechtigte Bevölkerung;7297
31.12.2004;51 Gievenbeck;Wohnberechtigte Bevölkerung;17882
31.12.2004;52 Sentrup;Wohnberechtigte Bevölkerung;6684
31.12.2004;54 Mecklenbeck;Wohnberechtigte Bevölkerung;9524
31.12.2004;56 Albachten;Wohnberechtigte Bevölkerung;4981
31.12.2004;57 Roxel;Wohnberechtigte Bevölkerung;7627
31.12.2004;58 Nienberge;Wohnberechtigte Bevölkerung;6604
31.12.2004;61 Coerde;Wohnberechtigte Bevölkerung;9902
31.12.2004;62 Kinderhaus-Ost;Wohnberechtigte Bevölkerung;5133
31.12.2004;63 Kinderhaus-West;Wohnberechtigte Bevölkerung;10966
31.12.2004;68 Sprakel;Wohnberechtigte Bevölkerung;2744
31.12.2004;71 Mauritz-Ost;Wohnberechtigte Bevölkerung;9690
31.12.2004;76 Gelmer-Dyckburg;Wohnberechtigte Bevölkerung;3333
31.12.2004;77 Handorf;Wohnberechtigte Bevölkerung;7257
31.12.2004;81 Gremmendorf-West;Wohnberechtigte Bevölkerung;4762
31.12.2004;82 Gremmendorf-Ost;Wohnberechtigte Bevölkerung;5928
31.12.2004;86 Angelmodde;Wohnberechtigte Bevölkerung;7623
31.12.2004;87 Wolbeck;Wohnberechtigte Bevölkerung;8710
31.12.2004;91 Berg Fidel;Wohnberechtigte Bevölkerung;5796
31.12.2004;95 Hiltrup-Ost;Wohnberechtigte Bevölkerung;6952
31.12.2004;96 Hiltrup-Mitte;Wohnberechtigte Bevölkerung;9809
31.12.2004;97 Hiltrup-West;Wohnberechtigte Bevölkerung;8831
31.12.2004;98 Amelsbüren;Wohnberechtigte Bevölkerung;5171
31.12.2005;11 Aegidii;Wohnberechtigte Bevölkerung;1294
31.12.2005;12 Überwasser;Wohnberechtigte Bevölkerung;1308
31.12.2005;13 Dom;Wohnberechtigte Bevölkerung;2084
31.12.2005;14 Buddenturm;Wohnberechtigte Bevölkerung;2162
31.12.2005;15 Martini;Wohnberechtigte Bevölkerung;1284
31.12.2005;21 Pluggendorf;Wohnberechtigte Bevölkerung;4199
31.12.2005;22 Josef;Wohnberechtigte Bevölkerung;7868
31.12.2005;23 Bahnhof;Wohnberechtigte Bevölkerung;993
31.12.2005;24 Hansaplatz;Wohnberechtigte Bevölkerung;6260
31.12.2005;25 Mauritz-West;Wohnberechtigte Bevölkerung;5561
31.12.2005;26 Schlachthof;Wohnberechtigte Bevölkerung;4623
31.12.2005;27 Kreuz;Wohnberechtigte Bevölkerung;11606
31.12.2005;28 Neutor;Wohnberechtigte Bevölkerung;3714
31.12.2005;29 Schloss;Wohnberechtigte Bevölkerung;1850
31.12.2005;31 Aaseestadt;Wohnberechtigte Bevölkerung;5338
31.12.2005;32 Geist;Wohnberechtigte Bevölkerung;8643
31.12.2005;33 Schützenhof;Wohnberechtigte Bevölkerung;6873
31.12.2005;34 Düesberg;Wohnberechtigte Bevölkerung;6583
31.12.2005;43 Hafen;Wohnberechtigte Bevölkerung;907
31.12.2005;44 Herz-Jesu;Wohnberechtigte Bevölkerung;5089
31.12.2005;45 Mauritz-Mitte;Wohnberechtigte Bevölkerung;9702
31.12.2005;46 Rumphorst;Wohnberechtigte Bevölkerung;7997
31.12.2005;47 Uppenberg;Wohnberechtigte Bevölkerung;7278
31.12.2005;51 Gievenbeck;Wohnberechtigte Bevölkerung;18253
31.12.2005;52 Sentrup;Wohnberechtigte Bevölkerung;6384
31.12.2005;54 Mecklenbeck;Wohnberechtigte Bevölkerung;9365
31.12.2005;56 Albachten;Wohnberechtigte Bevölkerung;5126
31.12.2005;57 Roxel;Wohnberechtigte Bevölkerung;7772
31.12.2005;58 Nienberge;Wohnberechtigte Bevölkerung;6477
31.12.2005;61 Coerde;Wohnberechtigte Bevölkerung;9888
31.12.2005;62 Kinderhaus-Ost;Wohnberechtigte Bevölkerung;5062
31.12.2005;63 Kinderhaus-West;Wohnberechtigte Bevölkerung;10815
31.12.2005;68 Sprakel;Wohnberechtigte Bevölkerung;2716
31.12.2005;71 Mauritz-Ost;Wohnberechtigte Bevölkerung;9601
31.12.2005;76 Gelmer-Dyckburg;Wohnberechtigte Bevölkerung;3342
31.12.2005;77 Handorf;Wohnberechtigte Bevölkerung;7203
31.12.2005;81 Gremmendorf-West;Wohnberechtigte Bevölkerung;4788
31.12.2005;82 Gremmendorf-Ost;Wohnberechtigte Bevölkerung;6075
31.12.2005;86 Angelmodde;Wohnberechtigte Bevölkerung;7592
31.12.2005;87 Wolbeck;Wohnberechtigte Bevölkerung;8676
31.12.2005;91 Berg Fidel;Wohnberechtigte Bevölkerung;5691
31.12.2005;95 Hiltrup-Ost;Wohnberechtigte Bevölkerung;6833
31.12.2005;96 Hiltrup-Mitte;Wohnberechtigte Bevölkerung;9755
31.12.2005;97 Hiltrup-West;Wohnberechtigte Bevölkerung;8846
31.12.2005;98 Amelsbüren;Wohnberechtigte Bevölkerung;5449
31.12.2006;11 Aegidii;Wohnberechtigte Bevölkerung;1358
31.12.2006;12 Überwasser;Wohnberechtigte Bevölkerung;1262
31.12.2006;13 Dom;Wohnberechtigte Bevölkerung;2052
31.12.2006;14 Buddenturm;Wohnberechtigte Bevölkerung;2186
31.12.2006;15 Martini;Wohnberechtigte Bevölkerung;1276
31.12.2006;21 Pluggendorf;Wohnberechtigte Bevölkerung;3821
31.12.2006;22 Josef;Wohnberechtigte Bevölkerung;7827
31.12.2006;23 Bahnhof;Wohnberechtigte Bevölkerung;1008
31.12.2006;24 Hansaplatz;Wohnberechtigte Bevölkerung;6278
31.12.2006;25 Mauritz-West;Wohnberechtigte Bevölkerung;5628
31.12.2006;26 Schlachthof;Wohnberechtigte Bevölkerung;4735
31.12.2006;27 Kreuz;Wohnberechtigte Bevölkerung;11592
31.12.2006;28 Neutor;Wohnberechtigte Bevölkerung;3723
31.12.2006;29 Schloss;Wohnberechtigte Bevölkerung;1868
31.12.2006;31 Aaseestadt;Wohnberechtigte Bevölkerung;5346
31.12.2006;32 Geist;Wohnberechtigte Bevölkerung;8642
31.12.2006;33 Schützenhof;Wohnberechtigte Bevölkerung;6935
31.12.2006;34 Düesberg;Wohnberechtigte Bevölkerung;6615
31.12.2006;43 Hafen;Wohnberechtigte Bevölkerung;924
31.12.2006;44 Herz-Jesu;Wohnberechtigte Bevölkerung;5122
31.12.2006;45 Mauritz-Mitte;Wohnberechtigte Bevölkerung;9761
31.12.2006;46 Rumphorst;Wohnberechtigte Bevölkerung;7990
31.12.2006;47 Uppenberg;Wohnberechtigte Bevölkerung;7283
31.12.2006;51 Gievenbeck;Wohnberechtigte Bevölkerung;18485
31.12.2006;52 Sentrup;Wohnberechtigte Bevölkerung;6388
31.12.2006;54 Mecklenbeck;Wohnberechtigte Bevölkerung;9277
31.12.2006;56 Albachten;Wohnberechtigte Bevölkerung;5302
31.12.2006;57 Roxel;Wohnberechtigte Bevölkerung;7960
31.12.2006;58 Nienberge;Wohnberechtigte Bevölkerung;6500
31.12.2006;61 Coerde;Wohnberechtigte Bevölkerung;9918
31.12.2006;62 Kinderhaus-Ost;Wohnberechtigte Bevölkerung;5015
31.12.2006;63 Kinderhaus-West;Wohnberechtigte Bevölkerung;10693
31.12.2006;68 Sprakel;Wohnberechtigte Bevölkerung;2840
31.12.2006;71 Mauritz-Ost;Wohnberechtigte Bevölkerung;9816
31.12.2006;76 Gelmer-Dyckburg;Wohnberechtigte Bevölkerung;3413
31.12.2006;77 Handorf;Wohnberechtigte Bevölkerung;7244
31.12.2006;81 Gremmendorf-West;Wohnberechtigte Bevölkerung;4817
31.12.2006;82 Gremmendorf-Ost;Wohnberechtigte Bevölkerung;6183
31.12.2006;86 Angelmodde;Wohnberechtigte Bevölkerung;7551
31.12.2006;87 Wolbeck;Wohnberechtigte Bevölkerung;8629
31.12.2006;91 Berg Fidel;Wohnberechtigte Bevölkerung;5673
31.12.2006;95 Hiltrup-Ost;Wohnberechtigte Bevölkerung;6802
31.12.2006;96 Hiltrup-Mitte;Wohnberechtigte Bevölkerung;9780
31.12.2006;97 Hiltrup-West;Wohnberechtigte Bevölkerung;8885
31.12.2006;98 Amelsbüren;Wohnberechtigte Bevölkerung;5620
31.12.2007;11 Aegidii;Wohnberechtigte Bevölkerung;1335
31.12.2007;12 Überwasser;Wohnberechtigte Bevölkerung;1290
31.12.2007;13 Dom;Wohnberechtigte Bevölkerung;2051
31.12.2007;14 Buddenturm;Wohnberechtigte Bevölkerung;2201
31.12.2007;15 Martini;Wohnberechtigte Bevölkerung;1249
31.12.2007;21 Pluggendorf;Wohnberechtigte Bevölkerung;3793
31.12.2007;22 Josef;Wohnberechtigte Bevölkerung;7863
31.12.2007;23 Bahnhof;Wohnberechtigte Bevölkerung;1006
31.12.2007;24 Hansaplatz;Wohnberechtigte Bevölkerung;6322
31.12.2007;25 Mauritz-West;Wohnberechtigte Bevölkerung;5611
31.12.2007;26 Schlachthof;Wohnberechtigte Bevölkerung;4799
31.12.2007;27 Kreuz;Wohnberechtigte Bevölkerung;11611
31.12.2007;28 Neutor;Wohnberechtigte Bevölkerung;3800
31.12.2007;29 Schloss;Wohnberechtigte Bevölkerung;1884
31.12.2007;31 Aaseestadt;Wohnberechtigte Bevölkerung;5354
31.12.2007;32 Geist;Wohnberechtigte Bevölkerung;8641
31.12.2007;33 Schützenhof;Wohnberechtigte Bevölkerung;6959
31.12.2007;34 Düesberg;Wohnberechtigte Bevölkerung;6632
31.12.2007;43 Hafen;Wohnberechtigte Bevölkerung;906
31.12.2007;44 Herz-Jesu;Wohnberechtigte Bevölkerung;5182
31.12.2007;45 Mauritz-Mitte;Wohnberechtigte Bevölkerung;9735
31.12.2007;46 Rumphorst;Wohnberechtigte Bevölkerung;7889
31.12.2007;47 Uppenberg;Wohnberechtigte Bevölkerung;7363
31.12.2007;51 Gievenbeck;Wohnberechtigte Bevölkerung;18762
31.12.2007;52 Sentrup;Wohnberechtigte Bevölkerung;6260
31.12.2007;54 Mecklenbeck;Wohnberechtigte Bevölkerung;9198
31.12.2007;56 Albachten;Wohnberechtigte Bevölkerung;5411
31.12.2007;57 Roxel;Wohnberechtigte Bevölkerung;8106
31.12.2007;58 Nienberge;Wohnberechtigte Bevölkerung;6441
31.12.2007;61 Coerde;Wohnberechtigte Bevölkerung;9978
31.12.2007;62 Kinderhaus-Ost;Wohnberechtigte Bevölkerung;4983
31.12.2007;63 Kinderhaus-West;Wohnberechtigte Bevölkerung;10420
31.12.2007;68 Sprakel;Wohnberechtigte Bevölkerung;2865
31.12.2007;71 Mauritz-Ost;Wohnberechtigte Bevölkerung;9866
31.12.2007;76 Gelmer-Dyckburg;Wohnberechtigte Bevölkerung;3406
31.12.2007;77 Handorf;Wohnberechtigte Bevölkerung;7328
31.12.2007;81 Gremmendorf-West;Wohnberechtigte Bevölkerung;4739
31.12.2007;82 Gremmendorf-Ost;Wohnberechtigte Bevölkerung;6199
31.12.2007;86 Angelmodde;Wohnberechtigte Bevölkerung;7495
31.12.2007;87 Wolbeck;Wohnberechtigte Bevölkerung;8600
31.12.2007;91 Berg Fidel;Wohnberechtigte Bevölkerung;5655
31.12.2007;95 Hiltrup-Ost;Wohnberechtigte Bevölkerung;6671
31.12.2007;96 Hiltrup-Mitte;Wohnberechtigte Bevölkerung;9734
31.12.2007;97 Hiltrup-West;Wohnberechtigte Bevölkerung;8847
31.12.2007;98 Amelsbüren;Wohnberechtigte Bevölkerung;5759
31.12.2008;11 Aegidii;Wohnberechtigte Bevölkerung;1354
31.12.2008;12 Überwasser;Wohnberechtigte Bevölkerung;1285
31.12.2008;13 Dom;Wohnberechtigte Bevölkerung;2111
31.12.2008;14 Buddenturm;Wohnberechtigte Bevölkerung;2188
31.12.2008;15 Martini;Wohnberechtigte Bevölkerung;1294
31.12.2008;21 Pluggendorf;Wohnberechtigte Bevölkerung;4021
31.12.2008;22 Josef;Wohnberechtigte Bevölkerung;7845
31.12.2008;23 Bahnhof;Wohnberechtigte Bevölkerung;1025
31.12.2008;24 Hansaplatz;Wohnberechtigte Bevölkerung;6352
31.12.2008;25 Mauritz-West;Wohnberechtigte Bevölkerung;5656
31.12.2008;26 Schlachthof;Wohnberechtigte Bevölkerung;4800
31.12.2008;27 Kreuz;Wohnberechtigte Bevölkerung;11613
31.12.2008;28 Neutor;Wohnberechtigte Bevölkerung;3811
31.12.2008;29 Schloss;Wohnberechtigte Bevölkerung;1888
31.12.2008;31 Aaseestadt;Wohnberechtigte Bevölkerung;5318
31.12.2008;32 Geist;Wohnberechtigte Bevölkerung;8590
31.12.2008;33 Schützenhof;Wohnberechtigte Bevölkerung;6981
31.12.2008;34 Düesberg;Wohnberechtigte Bevölkerung;6625
31.12.2008;43 Hafen;Wohnberechtigte Bevölkerung;941
31.12.2008;44 Herz-Jesu;Wohnberechtigte Bevölkerung;5119
31.12.2008;45 Mauritz-Mitte;Wohnberechtigte Bevölkerung;9908
31.12.2008;46 Rumphorst;Wohnberechtigte Bevölkerung;7845
31.12.2008;47 Uppenberg;Wohnberechtigte Bevölkerung;7623
31.12.2008;51 Gievenbeck;Wohnberechtigte Bevölkerung;18717
31.12.2008;52 Sentrup;Wohnberechtigte Bevölkerung;6308
31.12.2008;54 Mecklenbeck;Wohnberechtigte Bevölkerung;9223
31.12.2008;56 Albachten;Wohnberechtigte Bevölkerung;5555
31.12.2008;57 Roxel;Wohnberechtigte Bevölkerung;8286
31.12.2008;58 Nienberge;Wohnberechtigte Bevölkerung;6330
31.12.2008;61 Coerde;Wohnberechtigte Bevölkerung;9950
31.12.2008;62 Kinderhaus-Ost;Wohnberechtigte Bevölkerung;4982
31.12.2008;63 Kinderhaus-West;Wohnberechtigte Bevölkerung;10267
31.12.2008;68 Sprakel;Wohnberechtigte Bevölkerung;2913
31.12.2008;71 Mauritz-Ost;Wohnberechtigte Bevölkerung;9789
31.12.2008;76 Gelmer-Dyckburg;Wohnberechtigte Bevölkerung;3418
31.12.2008;77 Handorf;Wohnberechtigte Bevölkerung;7473
31.12.2008;81 Gremmendorf-West;Wohnberechtigte Bevölkerung;4682
31.12.2008;82 Gremmendorf-Ost;Wohnberechtigte Bevölkerung;6196
31.12.2008;86 Angelmodde;Wohnberechtigte Bevölkerung;7415
31.12.2008;87 Wolbeck;Wohnberechtigte Bevölkerung;8635
31.12.2008;91 Berg Fidel;Wohnberechtigte Bevölkerung;5625
31.12.2008;95 Hiltrup-Ost;Wohnberechtigte Bevölkerung;6633
31.12.2008;96 Hiltrup-Mitte;Wohnberechtigte Bevölkerung;9707
31.12.2008;97 Hiltrup-West;Wohnberechtigte Bevölkerung;8866
31.12.2008;98 Amelsbüren;Wohnberechtigte Bevölkerung;5887
31.12.2009;11 Aegidii;Wohnberechtigte Bevölkerung;1355
31.12.2009;12 Überwasser;Wohnberechtigte Bevölkerung;1275
31.12.2009;13 Dom;Wohnberechtigte Bevölkerung;2136
31.12.2009;14 Buddenturm;Wohnberechtigte Bevölkerung;2241
31.12.2009;15 Martini;Wohnberechtigte Bevölkerung;1270
31.12.2009;21 Pluggendorf;Wohnberechtigte Bevölkerung;4077
31.12.2009;22 Josef;Wohnberechtigte Bevölkerung;7909
31.12.2009;23 Bahnhof;Wohnberechtigte Bevölkerung;1022
31.12.2009;24 Hansaplatz;Wohnberechtigte Bevölkerung;6428
31.12.2009;25 Mauritz-West;Wohnberechtigte Bevölkerung;5729
31.12.2009;26 Schlachthof;Wohnberechtigte Bevölkerung;4818
31.12.2009;27 Kreuz;Wohnberechtigte Bevölkerung;11739
31.12.2009;28 Neutor;Wohnberechtigte Bevölkerung;3824
31.12.2009;29 Schloss;Wohnberechtigte Bevölkerung;1905
31.12.2009;31 Aaseestadt;Wohnberechtigte Bevölkerung;5315
31.12.2009;32 Geist;Wohnberechtigte Bevölkerung;8674
31.12.2009;33 Schützenhof;Wohnberechtigte Bevölkerung;7002
31.12.2009;34 Düesberg;Wohnberechtigte Bevölkerung;6712
31.12.2009;43 Hafen;Wohnberechtigte Bevölkerung;995
31.12.2009;44 Herz-Jesu;Wohnberechtigte Bevölkerung;5096
31.12.2009;45 Mauritz-Mitte;Wohnberechtigte Bevölkerung;9897
31.12.2009;46 Rumphorst;Wohnberechtigte Bevölkerung;7790
31.12.2009;47 Uppenberg;Wohnberechtigte Bevölkerung;8000
31.12.2009;51 Gievenbeck;Wohnberechtigte Bevölkerung;18928
31.12.2009;52 Sentrup;Wohnberechtigte Bevölkerung;6402
31.12.2009;54 Mecklenbeck;Wohnberechtigte Bevölkerung;9297
31.12.2009;56 Albachten;Wohnberechtigte Bevölkerung;5684
31.12.2009;57 Roxel;Wohnberechtigte Bevölkerung;8217
31.12.2009;58 Nienberge;Wohnberechtigte Bevölkerung;6441
31.12.2009;61 Coerde;Wohnberechtigte Bevölkerung;9941
31.12.2009;62 Kinderhaus-Ost;Wohnberechtigte Bevölkerung;4883
31.12.2009;63 Kinderhaus-West;Wohnberechtigte Bevölkerung;10259
31.12.2009;68 Sprakel;Wohnberechtigte Bevölkerung;2956
31.12.2009;71 Mauritz-Ost;Wohnberechtigte Bevölkerung;9743
31.12.2009;76 Gelmer-Dyckburg;Wohnberechtigte Bevölkerung;3414
31.12.2009;77 Handorf;Wohnberechtigte Bevölkerung;7593
31.12.2009;81 Gremmendorf-West;Wohnberechtigte Bevölkerung;4718
31.12.2009;82 Gremmendorf-Ost;Wohnberechtigte Bevölkerung;6317
31.12.2009;86 Angelmodde;Wohnberechtigte Bevölkerung;7350
31.12.2009;87 Wolbeck;Wohnberechtigte Bevölkerung;8569
31.12.2009;91 Berg Fidel;Wohnberechtigte Bevölkerung;5586
31.12.2009;95 Hiltrup-Ost;Wohnberechtigte Bevölkerung;6579
31.12.2009;96 Hiltrup-Mitte;Wohnberechtigte Bevölkerung;9746
31.12.2009;97 Hiltrup-West;Wohnberechtigte Bevölkerung;8908
31.12.2009;98 Amelsbüren;Wohnberechtigte Bevölkerung;5978
31.12.2010;11 Aegidii;Wohnberechtigte Bevölkerung;1356
31.12.2010;12 Überwasser;Wohnberechtigte Bevölkerung;1273
31.12.2010;13 Dom;Wohnberechtigte Bevölkerung;2155
31.12.2010;14 Buddenturm;Wohnberechtigte Bevölkerung;2260
31.12.2010;15 Martini;Wohnberechtigte Bevölkerung;1274
31.12.2010;21 Pluggendorf;Wohnberechtigte Bevölkerung;4045
31.12.2010;22 Josef;Wohnberechtigte Bevölkerung;7980
31.12.2010;23 Bahnhof;Wohnberechtigte Bevölkerung;1056
31.12.2010;24 Hansaplatz;Wohnberechtigte Bevölkerung;6589
31.12.2010;25 Mauritz-West;Wohnberechtigte Bevölkerung;5900
31.12.2010;26 Schlachthof;Wohnberechtigte Bevölkerung;4865
31.12.2010;27 Kreuz;Wohnberechtigte Bevölkerung;11939
31.12.2010;28 Neutor;Wohnberechtigte Bevölkerung;3978
31.12.2010;29 Schloss;Wohnberechtigte Bevölkerung;2070
31.12.2010;31 Aaseestadt;Wohnberechtigte Bevölkerung;5352
31.12.2010;32 Geist;Wohnberechtigte Bevölkerung;8738
31.12.2010;33 Schützenhof;Wohnberechtigte Bevölkerung;7102
31.12.2010;34 Düesberg;Wohnberechtigte Bevölkerung;6826
31.12.2010;43 Hafen;Wohnberechtigte Bevölkerung;982
31.12.2010;44 Herz-Jesu;Wohnberechtigte Bevölkerung;5065
31.12.2010;45 Mauritz-Mitte;Wohnberechtigte Bevölkerung;9942
31.12.2010;46 Rumphorst;Wohnberechtigte Bevölkerung;7829
31.12.2010;47 Uppenberg;Wohnberechtigte Bevölkerung;8084
31.12.2010;51 Gievenbeck;Wohnberechtigte Bevölkerung;18832
31.12.2010;52 Sentrup;Wohnberechtigte Bevölkerung;6628
31.12.2010;54 Mecklenbeck;Wohnberechtigte Bevölkerung;9335
31.12.2010;56 Albachten;Wohnberechtigte Bevölkerung;5724
31.12.2010;57 Roxel;Wohnberechtigte Bevölkerung;8338
31.12.2010;58 Nienberge;Wohnberechtigte Bevölkerung;6519
31.12.2010;61 Coerde;Wohnberechtigte Bevölkerung;10045
31.12.2010;62 Kinderhaus-Ost;Wohnberechtigte Bevölkerung;4887
31.12.2010;63 Kinderhaus-West;Wohnberechtigte Bevölkerung;10365
31.12.2010;68 Sprakel;Wohnberechtigte Bevölkerung;2964
31.12.2010;71 Mauritz-Ost;Wohnberechtigte Bevölkerung;9716
31.12.2010;76 Gelmer-Dyckburg;Wohnberechtigte Bevölkerung;3471
31.12.2010;77 Handorf;Wohnberechtigte Bevölkerung;7680
31.12.2010;81 Gremmendorf-West;Wohnberechtigte Bevölkerung;4705
31.12.2010;82 Gremmendorf-Ost;Wohnberechtigte Bevölkerung;6379
31.12.2010;86 Angelmodde;Wohnberechtigte Bevölkerung;7368
31.12.2010;87 Wolbeck;Wohnberechtigte Bevölkerung;8703
31.12.2010;91 Berg Fidel;Wohnberechtigte Bevölkerung;5563
31.12.2010;95 Hiltrup-Ost;Wohnberechtigte Bevölkerung;6527
31.12.2010;96 Hiltrup-Mitte;Wohnberechtigte Bevölkerung;9787
31.12.2010;97 Hiltrup-West;Wohnberechtigte Bevölkerung;8922
31.12.2010;98 Amelsbüren;Wohnberechtigte Bevölkerung;6062
31.12.2011;11 Aegidii;Wohnberechtigte Bevölkerung;1470
31.12.2011;12 Überwasser;Wohnberechtigte Bevölkerung;1405
31.12.2011;13 Dom;Wohnberechtigte Bevölkerung;2284
31.12.2011;14 Buddenturm;Wohnberechtigte Bevölkerung;2394
31.12.2011;15 Martini;Wohnberechtigte Bevölkerung;1363
31.12.2011;21 Pluggendorf;Wohnberechtigte Bevölkerung;4407
31.12.2011;22 Josef;Wohnberechtigte Bevölkerung;8423
31.12.2011;23 Bahnhof;Wohnberechtigte Bevölkerung;1126
31.12.2011;24 Hansaplatz;Wohnberechtigte Bevölkerung;6945
31.12.2011;25 Mauritz-West;Wohnberechtigte Bevölkerung;6203
31.12.2011;26 Schlachthof;Wohnberechtigte Bevölkerung;5132
31.12.2011;27 Kreuz;Wohnberechtigte Bevölkerung;12648
31.12.2011;28 Neutor;Wohnberechtigte Bevölkerung;4473
31.12.2011;29 Schloss;Wohnberechtigte Bevölkerung;2249
31.12.2011;31 Aaseestadt;Wohnberechtigte Bevölkerung;5537
31.12.2011;32 Geist;Wohnberechtigte Bevölkerung;8929
31.12.2011;33 Schützenhof;Wohnberechtigte Bevölkerung;7529
31.12.2011;34 Düesberg;Wohnberechtigte Bevölkerung;6992
31.12.2011;43 Hafen;Wohnberechtigte Bevölkerung;1075
31.12.2011;44 Herz-Jesu;Wohnberechtigte Bevölkerung;5225
31.12.2011;45 Mauritz-Mitte;Wohnberechtigte Bevölkerung;10171
31.12.2011;46 Rumphorst;Wohnberechtigte Bevölkerung;7952
31.12.2011;47 Uppenberg;Wohnberechtigte Bevölkerung;8500
31.12.2011;51 Gievenbeck;Wohnberechtigte Bevölkerung;20478
31.12.2011;52 Sentrup;Wohnberechtigte Bevölkerung;7294
31.12.2011;54 Mecklenbeck;Wohnberechtigte Bevölkerung;9664
31.12.2011;56 Albachten;Wohnberechtigte Bevölkerung;5893
31.12.2011;57 Roxel;Wohnberechtigte Bevölkerung;8681
31.12.2011;58 Nienberge;Wohnberechtigte Bevölkerung;6802
31.12.2011;61 Coerde;Wohnberechtigte Bevölkerung;10321
31.12.2011;62 Kinderhaus-Ost;Wohnberechtigte Bevölkerung;4939
31.12.2011;63 Kinderhaus-West;Wohnberechtigte Bevölkerung;10576
31.12.2011;68 Sprakel;Wohnberechtigte Bevölkerung;3015
31.12.2011;71 Mauritz-Ost;Wohnberechtigte Bevölkerung;10005
31.12.2011;76 Gelmer-Dyckburg;Wohnberechtigte Bevölkerung;3558
31.12.2011;77 Handorf;Wohnberechtigte Bevölkerung;7867
31.12.2011;81 Gremmendorf-West;Wohnberechtigte Bevölkerung;4681
31.12.2011;82 Gremmendorf-Ost;Wohnberechtigte Bevölkerung;6489
31.12.2011;86 Angelmodde;Wohnberechtigte Bevölkerung;7527
31.12.2011;87 Wolbeck;Wohnberechtigte Bevölkerung;8819
31.12.2011;91 Berg Fidel;Wohnberechtigte Bevölkerung;5653
31.12.2011;95 Hiltrup-Ost;Wohnberechtigte Bevölkerung;6545
31.12.2011;96 Hiltrup-Mitte;Wohnberechtigte Bevölkerung;9970
31.12.2011;97 Hiltrup-West;Wohnberechtigte Bevölkerung;9047
31.12.2011;98 Amelsbüren;Wohnberechtigte Bevölkerung;6184
31.12.2012;11 Aegidii;Wohnberechtigte Bevölkerung;1454
31.12.2012;12 Überwasser;Wohnberechtigte Bevölkerung;1384
31.12.2012;13 Dom;Wohnberechtigte Bevölkerung;2228
31.12.2012;14 Buddenturm;Wohnberechtigte Bevölkerung;2363
31.12.2012;15 Martini;Wohnberechtigte Bevölkerung;1377
31.12.2012;21 Pluggendorf;Wohnberechtigte Bevölkerung;4385
31.12.2012;22 Josef;Wohnberechtigte Bevölkerung;8409
31.12.2012;23 Bahnhof;Wohnberechtigte Bevölkerung;1123
31.12.2012;24 Hansaplatz;Wohnberechtigte Bevölkerung;6935
31.12.2012;25 Mauritz-West;Wohnberechtigte Bevölkerung;6141
31.12.2012;26 Schlachthof;Wohnberechtigte Bevölkerung;5141
31.12.2012;27 Kreuz;Wohnberechtigte Bevölkerung;12602
31.12.2012;28 Neutor;Wohnberechtigte Bevölkerung;4381
31.12.2012;29 Schloss;Wohnberechtigte Bevölkerung;2241
31.12.2012;31 Aaseestadt;Wohnberechtigte Bevölkerung;5542
31.12.2012;32 Geist;Wohnberechtigte Bevölkerung;8884
31.12.2012;33 Schützenhof;Wohnberechtigte Bevölkerung;7513
31.12.2012;34 Düesberg;Wohnberechtigte Bevölkerung;6994
31.12.2012;43 Hafen;Wohnberechtigte Bevölkerung;1044
31.12.2012;44 Herz-Jesu;Wohnberechtigte Bevölkerung;5210
31.12.2012;45 Mauritz-Mitte;Wohnberechtigte Bevölkerung;10084
31.12.2012;46 Rumphorst;Wohnberechtigte Bevölkerung;8003
31.12.2012;47 Uppenberg;Wohnberechtigte Bevölkerung;8566
31.12.2012;51 Gievenbeck;Wohnberechtigte Bevölkerung;20816
31.12.2012;52 Sentrup;Wohnberechtigte Bevölkerung;7422
31.12.2012;54 Mecklenbeck;Wohnberechtigte Bevölkerung;8849
31.12.2012;56 Albachten;Wohnberechtigte Bevölkerung;5990
31.12.2012;57 Roxel;Wohnberechtigte Bevölkerung;8816
31.12.2012;58 Nienberge;Wohnberechtigte Bevölkerung;6776
31.12.2012;61 Coerde;Wohnberechtigte Bevölkerung;10426
31.12.2012;62 Kinderhaus-Ost;Wohnberechtigte Bevölkerung;4959
31.12.2012;63 Kinderhaus-West;Wohnberechtigte Bevölkerung;10540
31.12.2012;68 Sprakel;Wohnberechtigte Bevölkerung;3046
31.12.2012;71 Mauritz-Ost;Wohnberechtigte Bevölkerung;10252
31.12.2012;76 Gelmer-Dyckburg;Wohnberechtigte Bevölkerung;3623
31.12.2012;77 Handorf;Wohnberechtigte Bevölkerung;7959
31.12.2012;81 Gremmendorf-West;Wohnberechtigte Bevölkerung;4691
31.12.2012;82 Gremmendorf-Ost;Wohnberechtigte Bevölkerung;6518
31.12.2012;86 Angelmodde;Wohnberechtigte Bevölkerung;7527
31.12.2012;87 Wolbeck;Wohnberechtigte Bevölkerung;8837
31.12.2012;91 Berg Fidel;Wohnberechtigte Bevölkerung;5690
31.12.2012;95 Hiltrup-Ost;Wohnberechtigte Bevölkerung;6405
31.12.2012;96 Hiltrup-Mitte;Wohnberechtigte Bevölkerung;9934
31.12.2012;97 Hiltrup-West;Wohnberechtigte Bevölkerung;9195
31.12.2012;98 Amelsbüren;Wohnberechtigte Bevölkerung;6261
31.12.2013;11 Aegidii;Wohnberechtigte Bevölkerung;1462
31.12.2013;12 Überwasser;Wohnberechtigte Bevölkerung;1385
31.12.2013;13 Dom;Wohnberechtigte Bevölkerung;2251
31.12.2013;14 Buddenturm;Wohnberechtigte Bevölkerung;2415
31.12.2013;15 Martini;Wohnberechtigte Bevölkerung;1390
31.12.2013;21 Pluggendorf;Wohnberechtigte Bevölkerung;4411
31.12.2013;22 Josef;Wohnberechtigte Bevölkerung;8683
31.12.2013;23 Bahnhof;Wohnberechtigte Bevölkerung;1200
31.12.2013;24 Hansaplatz;Wohnberechtigte Bevölkerung;6874
31.12.2013;25 Mauritz-West;Wohnberechtigte Bevölkerung;6202
31.12.2013;26 Schlachthof;Wohnberechtigte Bevölkerung;5231
31.12.2013;27 Kreuz;Wohnberechtigte Bevölkerung;12550
31.12.2013;28 Neutor;Wohnberechtigte Bevölkerung;4288
31.12.2013;29 Schloss;Wohnberechtigte Bevölkerung;2245
31.12.2013;31 Aaseestadt;Wohnberechtigte Bevölkerung;5534
31.12.2013;32 Geist;Wohnberechtigte Bevölkerung;8864
31.12.2013;33 Schützenhof;Wohnberechtigte Bevölkerung;7632
31.12.2013;34 Düesberg;Wohnberechtigte Bevölkerung;7035
31.12.2013;43 Hafen;Wohnberechtigte Bevölkerung;1063
31.12.2013;44 Herz-Jesu;Wohnberechtigte Bevölkerung;5148
31.12.2013;45 Mauritz-Mitte;Wohnberechtigte Bevölkerung;10227
31.12.2013;46 Rumphorst;Wohnberechtigte Bevölkerung;8065
31.12.2013;47 Uppenberg;Wohnberechtigte Bevölkerung;8609
31.12.2013;51 Gievenbeck;Wohnberechtigte Bevölkerung;21074
31.12.2013;52 Sentrup;Wohnberechtigte Bevölkerung;7468
31.12.2013;54 Mecklenbeck;Wohnberechtigte Bevölkerung;8949
31.12.2013;56 Albachten;Wohnberechtigte Bevölkerung;6128
31.12.2013;57 Roxel;Wohnberechtigte Bevölkerung;8964
31.12.2013;58 Nienberge;Wohnberechtigte Bevölkerung;6806
31.12.2013;61 Coerde;Wohnberechtigte Bevölkerung;10428
31.12.2013;62 Kinderhaus-Ost;Wohnberechtigte Bevölkerung;5021
31.12.2013;63 Kinderhaus-West;Wohnberechtigte Bevölkerung;10479
31.12.2013;68 Sprakel;Wohnberechtigte Bevölkerung;3053
31.12.2013;71 Mauritz-Ost;Wohnberechtigte Bevölkerung;10290
31.12.2013;76 Gelmer-Dyckburg;Wohnberechtigte Bevölkerung;3658
31.12.2013;77 Handorf;Wohnberechtigte Bevölkerung;7932
31.12.2013;81 Gremmendorf-West;Wohnberechtigte Bevölkerung;4829
31.12.2013;82 Gremmendorf-Ost;Wohnberechtigte Bevölkerung;6526
31.12.2013;86 Angelmodde;Wohnberechtigte Bevölkerung;7791
31.12.2013;87 Wolbeck;Wohnberechtigte Bevölkerung;8924
31.12.2013;91 Berg Fidel;Wohnberechtigte Bevölkerung;5673
31.12.2013;95 Hiltrup-Ost;Wohnberechtigte Bevölkerung;6358
31.12.2013;96 Hiltrup-Mitte;Wohnberechtigte Bevölkerung;9927
31.12.2013;97 Hiltrup-West;Wohnberechtigte Bevölkerung;9190
31.12.2013;98 Amelsbüren;Wohnberechtigte Bevölkerung;6286
31.12.2014;11 Aegidii;Wohnberechtigte Bevölkerung;1450
31.12.2014;12 Überwasser;Wohnberechtigte Bevölkerung;1354
31.12.2014;13 Dom;Wohnberechtigte Bevölkerung;2199
31.12.2014;14 Buddenturm;Wohnberechtigte Bevölkerung;2432
31.12.2014;15 Martini;Wohnberechtigte Bevölkerung;1384
31.12.2014;21 Pluggendorf;Wohnberechtigte Bevölkerung;4522
31.12.2014;22 Josef;Wohnberechtigte Bevölkerung;8688
31.12.2014;23 Bahnhof;Wohnberechtigte Bevölkerung;1251
31.12.2014;24 Hansaplatz;Wohnberechtigte Bevölkerung;6932
31.12.2014;25 Mauritz-West;Wohnberechtigte Bevölkerung;6260
31.12.2014;26 Schlachthof;Wohnberechtigte Bevölkerung;5284
31.12.2014;27 Kreuz;Wohnberechtigte Bevölkerung;12524
31.12.2014;28 Neutor;Wohnberechtigte Bevölkerung;4338
31.12.2014;29 Schloss;Wohnberechtigte Bevölkerung;2210
31.12.2014;31 Aaseestadt;Wohnberechtigte Bevölkerung;5479
31.12.2014;32 Geist;Wohnberechtigte Bevölkerung;8976
31.12.2014;33 Schützenhof;Wohnberechtigte Bevölkerung;7688
31.12.2014;34 Düesberg;Wohnberechtigte Bevölkerung;7036
31.12.2014;43 Hafen;Wohnberechtigte Bevölkerung;1045
31.12.2014;44 Herz-Jesu;Wohnberechtigte Bevölkerung;5202
31.12.2014;45 Mauritz-Mitte;Wohnberechtigte Bevölkerung;10220
31.12.2014;46 Rumphorst;Wohnberechtigte Bevölkerung;8099
31.12.2014;47 Uppenberg;Wohnberechtigte Bevölkerung;8605
31.12.2014;51 Gievenbeck;Wohnberechtigte Bevölkerung;21155
31.12.2014;52 Sentrup;Wohnberechtigte Bevölkerung;7631
31.12.2014;54 Mecklenbeck;Wohnberechtigte Bevölkerung;9250
31.12.2014;56 Albachten;Wohnberechtigte Bevölkerung;6244
31.12.2014;57 Roxel;Wohnberechtigte Bevölkerung;9082
31.12.2014;58 Nienberge;Wohnberechtigte Bevölkerung;6769
31.12.2014;61 Coerde;Wohnberechtigte Bevölkerung;10555
31.12.2014;62 Kinderhaus-Ost;Wohnberechtigte Bevölkerung;4998
31.12.2014;63 Kinderhaus-West;Wohnberechtigte Bevölkerung;10513
31.12.2014;68 Sprakel;Wohnberechtigte Bevölkerung;3102
31.12.2014;71 Mauritz-Ost;Wohnberechtigte Bevölkerung;10317
31.12.2014;76 Gelmer-Dyckburg;Wohnberechtigte Bevölkerung;3692
31.12.2014;77 Handorf;Wohnberechtigte Bevölkerung;8017
31.12.2014;81 Gremmendorf-West;Wohnberechtigte Bevölkerung;4932
31.12.2014;82 Gremmendorf-Ost;Wohnberechtigte Bevölkerung;6522
31.12.2014;86 Angelmodde;Wohnberechtigte Bevölkerung;7930
31.12.2014;87 Wolbeck;Wohnberechtigte Bevölkerung;8981
31.12.2014;91 Berg Fidel;Wohnberechtigte Bevölkerung;5640
31.12.2014;95 Hiltrup-Ost;Wohnberechtigte Bevölkerung;6350
31.12.2014;96 Hiltrup-Mitte;Wohnberechtigte Bevölkerung;9881
31.12.2014;97 Hiltrup-West;Wohnberechtigte Bevölkerung;9284
31.12.2014;98 Amelsbüren;Wohnberechtigte Bevölkerung;6244
31.12.2015;11 Aegidii;Wohnberechtigte Bevölkerung;1445
31.12.2015;12 Überwasser;Wohnberechtigte Bevölkerung;1382
31.12.2015;13 Dom;Wohnberechtigte Bevölkerung;2256
31.12.2015;14 Buddenturm;Wohnberechtigte Bevölkerung;2549
31.12.2015;15 Martini;Wohnberechtigte Bevölkerung;1392
31.12.2015;21 Pluggendorf;Wohnberechtigte Bevölkerung;4560
31.12.2015;22 Josef;Wohnberechtigte Bevölkerung;8795
31.12.2015;23 Bahnhof;Wohnberechtigte Bevölkerung;1276
31.12.2015;24 Hansaplatz;Wohnberechtigte Bevölkerung;6952
31.12.2015;25 Mauritz-West;Wohnberechtigte Bevölkerung;6434
31.12.2015;26 Schlachthof;Wohnberechtigte Bevölkerung;5353
31.12.2015;27 Kreuz;Wohnberechtigte Bevölkerung;12613
31.12.2015;28 Neutor;Wohnberechtigte Bevölkerung;4542
31.12.2015;29 Schloss;Wohnberechtigte Bevölkerung;2211
31.12.2015;31 Aaseestadt;Wohnberechtigte Bevölkerung;5597
31.12.2015;32 Geist;Wohnberechtigte Bevölkerung;9020
31.12.2015;33 Schützenhof;Wohnberechtigte Bevölkerung;7940
31.12.2015;34 Düesberg;Wohnberechtigte Bevölkerung;7133
31.12.2015;43 Hafen;Wohnberechtigte Bevölkerung;1028
31.12.2015;44 Herz-Jesu;Wohnberechtigte Bevölkerung;5199
31.12.2015;45 Mauritz-Mitte;Wohnberechtigte Bevölkerung;10278
31.12.2015;46 Rumphorst;Wohnberechtigte Bevölkerung;8210
31.12.2015;47 Uppenberg;Wohnberechtigte Bevölkerung;8743
31.12.2015;51 Gievenbeck;Wohnberechtigte Bevölkerung;21826
31.12.2015;52 Sentrup;Wohnberechtigte Bevölkerung;7727
31.12.2015;54 Mecklenbeck;Wohnberechtigte Bevölkerung;9310
31.12.2015;56 Albachten;Wohnberechtigte Bevölkerung;6414
31.12.2015;57 Roxel;Wohnberechtigte Bevölkerung;9184
31.12.2015;58 Nienberge;Wohnberechtigte Bevölkerung;6904
31.12.2015;61 Coerde;Wohnberechtigte Bevölkerung;10766
31.12.2015;62 Kinderhaus-Ost;Wohnberechtigte Bevölkerung;5047
31.12.2015;63 Kinderhaus-West;Wohnberechtigte Bevölkerung;10364
31.12.2015;68 Sprakel;Wohnberechtigte Bevölkerung;3175
31.12.2015;71 Mauritz-Ost;Wohnberechtigte Bevölkerung;10547
31.12.2015;76 Gelmer-Dyckburg;Wohnberechtigte Bevölkerung;3730
31.12.2015;77 Handorf;Wohnberechtigte Bevölkerung;8000
31.12.2015;81 Gremmendorf-West;Wohnberechtigte Bevölkerung;5582
31.12.2015;82 Gremmendorf-Ost;Wohnberechtigte Bevölkerung;6509
31.12.2015;86 Angelmodde;Wohnberechtigte Bevölkerung;8204
31.12.2015;87 Wolbeck;Wohnberechtigte Bevölkerung;9213
31.12.2015;91 Berg Fidel;Wohnberechtigte Bevölkerung;5785
31.12.2015;95 Hiltrup-Ost;Wohnberechtigte Bevölkerung;6273
31.12.2015;96 Hiltrup-Mitte;Wohnberechtigte Bevölkerung;9934
31.12.2015;97 Hiltrup-West;Wohnberechtigte Bevölkerung;9416
31.12.2015;98 Amelsbüren;Wohnberechtigte Bevölkerung;6417
31.12.2016;11 Aegidii;Wohnberechtigte Bevölkerung;1465
31.12.2016;12 Überwasser;Wohnberechtigte Bevölkerung;1381
31.12.2016;13 Dom;Wohnberechtigte Bevölkerung;2277
31.12.2016;14 Buddenturm;Wohnberechtigte Bevölkerung;2563
31.12.2016;15 Martini;Wohnberechtigte Bevölkerung;1422
31.12.2016;21 Pluggendorf;Wohnberechtigte Bevölkerung;4545
31.12.2016;22 Josef;Wohnberechtigte Bevölkerung;8773
31.12.2016;23 Bahnhof;Wohnberechtigte Bevölkerung;1341
31.12.2016;24 Hansaplatz;Wohnberechtigte Bevölkerung;6956
31.12.2016;25 Mauritz-West;Wohnberechtigte Bevölkerung;6440
31.12.2016;26 Schlachthof;Wohnberechtigte Bevölkerung;5495
31.12.2016;27 Kreuz;Wohnberechtigte Bevölkerung;12671
31.12.2016;28 Neutor;Wohnberechtigte Bevölkerung;4660
31.12.2016;29 Schloss;Wohnberechtigte Bevölkerung;2231
31.12.2016;31 Aaseestadt;Wohnberechtigte Bevölkerung;5722
31.12.2016;32 Geist;Wohnberechtigte Bevölkerung;9121
31.12.2016;33 Schützenhof;Wohnberechtigte Bevölkerung;8096
31.12.2016;34 Düesberg;Wohnberechtigte Bevölkerung;7177
31.12.2016;43 Hafen;Wohnberechtigte Bevölkerung;1074
31.12.2016;44 Herz-Jesu;Wohnberechtigte Bevölkerung;5188
31.12.2016;45 Mauritz-Mitte;Wohnberechtigte Bevölkerung;10294
31.12.2016;46 Rumphorst;Wohnberechtigte Bevölkerung;8168
31.12.2016;47 Uppenberg;Wohnberechtigte Bevölkerung;8918
31.12.2016;51 Gievenbeck;Wohnberechtigte Bevölkerung;21569
31.12.2016;52 Sentrup;Wohnberechtigte Bevölkerung;7831
31.12.2016;54 Mecklenbeck;Wohnberechtigte Bevölkerung;9379
31.12.2016;56 Albachten;Wohnberechtigte Bevölkerung;6503
31.12.2016;57 Roxel;Wohnberechtigte Bevölkerung;9230
31.12.2016;58 Nienberge;Wohnberechtigte Bevölkerung;6964
31.12.2016;61 Coerde;Wohnberechtigte Bevölkerung;11046
31.12.2016;62 Kinderhaus-Ost;Wohnberechtigte Bevölkerung;5033
31.12.2016;63 Kinderhaus-West;Wohnberechtigte Bevölkerung;10595
31.12.2016;68 Sprakel;Wohnberechtigte Bevölkerung;3271
31.12.2016;71 Mauritz-Ost;Wohnberechtigte Bevölkerung;10817
31.12.2016;76 Gelmer-Dyckburg;Wohnberechtigte Bevölkerung;3808
31.12.2016;77 Handorf;Wohnberechtigte Bevölkerung;8147
31.12.2016;81 Gremmendorf-West;Wohnberechtigte Bevölkerung;5319
31.12.2016;82 Gremmendorf-Ost;Wohnberechtigte Bevölkerung;6541
31.12.2016;86 Angelmodde;Wohnberechtigte Bevölkerung;8200
31.12.2016;87 Wolbeck;Wohnberechtigte Bevölkerung;9315
31.12.2016;91 Berg Fidel;Wohnberechtigte Bevölkerung;5901
31.12.2016;95 Hiltrup-Ost;Wohnberechtigte Bevölkerung;6338
31.12.2016;96 Hiltrup-Mitte;Wohnberechtigte Bevölkerung;9972
31.12.2016;97 Hiltrup-West;Wohnberechtigte Bevölkerung;9586
31.12.2016;98 Amelsbüren;Wohnberechtigte Bevölkerung;6499
31.12.2017;11 Aegidii;Wohnberechtigte Bevölkerung;1478
31.12.2017;12 Überwasser;Wohnberechtigte Bevölkerung;1384
31.12.2017;13 Dom;Wohnberechtigte Bevölkerung;2243
31.12.2017;14 Buddenturm;Wohnberechtigte Bevölkerung;2436
31.12.2017;15 Martini;Wohnberechtigte Bevölkerung;1379
31.12.2017;21 Pluggendorf;Wohnberechtigte Bevölkerung;4556
31.12.2017;22 Josef;Wohnberechtigte Bevölkerung;8686
31.12.2017;23 Bahnhof;Wohnberechtigte Bevölkerung;1400
31.12.2017;24 Hansaplatz;Wohnberechtigte Bevölkerung;7033
31.12.2017;25 Mauritz-West;Wohnberechtigte Bevölkerung;6327
31.12.2017;26 Schlachthof;Wohnberechtigte Bevölkerung;5765
31.12.2017;27 Kreuz;Wohnberechtigte Bevölkerung;12714
31.12.2017;28 Neutor;Wohnberechtigte Bevölkerung;4688
31.12.2017;29 Schloss;Wohnberechtigte Bevölkerung;2358
31.12.2017;31 Aaseestadt;Wohnberechtigte Bevölkerung;5732
31.12.2017;32 Geist;Wohnberechtigte Bevölkerung;9274
31.12.2017;33 Schützenhof;Wohnberechtigte Bevölkerung;8146
31.12.2017;34 Düesberg;Wohnberechtigte Bevölkerung;7239
31.12.2017;43 Hafen;Wohnberechtigte Bevölkerung;1087
31.12.2017;44 Herz-Jesu;Wohnberechtigte Bevölkerung;5202
31.12.2017;45 Mauritz-Mitte;Wohnberechtigte Bevölkerung;10468
31.12.2017;46 Rumphorst;Wohnberechtigte Bevölkerung;8092
31.12.2017;47 Uppenberg;Wohnberechtigte Bevölkerung;8970
31.12.2017;51 Gievenbeck;Wohnberechtigte Bevölkerung;21318
31.12.2017;52 Sentrup;Wohnberechtigte Bevölkerung;7676
31.12.2017;54 Mecklenbeck;Wohnberechtigte Bevölkerung;9490
31.12.2017;56 Albachten;Wohnberechtigte Bevölkerung;6530
31.12.2017;57 Roxel;Wohnberechtigte Bevölkerung;9301
31.12.2017;58 Nienberge;Wohnberechtigte Bevölkerung;6907
31.12.2017;61 Coerde;Wohnberechtigte Bevölkerung;11112
31.12.2017;62 Kinderhaus-Ost;Wohnberechtigte Bevölkerung;5086
31.12.2017;63 Kinderhaus-West;Wohnberechtigte Bevölkerung;10622
31.12.2017;68 Sprakel;Wohnberechtigte Bevölkerung;3351
31.12.2017;71 Mauritz-Ost;Wohnberechtigte Bevölkerung;10829
31.12.2017;76 Gelmer-Dyckburg;Wohnberechtigte Bevölkerung;3845
31.12.2017;77 Handorf;Wohnberechtigte Bevölkerung;8085
31.12.2017;81 Gremmendorf-West;Wohnberechtigte Bevölkerung;5955
31.12.2017;82 Gremmendorf-Ost;Wohnberechtigte Bevölkerung;6588
31.12.2017;86 Angelmodde;Wohnberechtigte Bevölkerung;8465
31.12.2017;87 Wolbeck;Wohnberechtigte Bevölkerung;9418
31.12.2017;91 Berg Fidel;Wohnberechtigte Bevölkerung;5932
31.12.2017;95 Hiltrup-Ost;Wohnberechtigte Bevölkerung;6234
31.12.2017;96 Hiltrup-Mitte;Wohnberechtigte Bevölkerung;10011
31.12.2017;97 Hiltrup-West;Wohnberechtigte Bevölkerung;9624
31.12.2017;98 Amelsbüren;Wohnberechtigte Bevölkerung;6393
31.12.2018;11 Aegidii;Wohnberechtigte Bevölkerung;1469
31.12.2018;12 Überwasser;Wohnberechtigte Bevölkerung;1412
31.12.2018;13 Dom;Wohnberechtigte Bevölkerung;2251
31.12.2018;14 Buddenturm;Wohnberechtigte Bevölkerung;2481
31.12.2018;15 Martini;Wohnberechtigte Bevölkerung;1388
31.12.2018;21 Pluggendorf;Wohnberechtigte Bevölkerung;4585
31.12.2018;22 Josef;Wohnberechtigte Bevölkerung;8739
31.12.2018;23 Bahnhof;Wohnberechtigte Bevölkerung;1424
31.12.2018;24 Hansaplatz;Wohnberechtigte Bevölkerung;7015
31.12.2018;25 Mauritz-West;Wohnberechtigte Bevölkerung;6374
31.12.2018;26 Schlachthof;Wohnberechtigte Bevölkerung;5937
31.12.2018;27 Kreuz;Wohnberechtigte Bevölkerung;12752
31.12.2018;28 Neutor;Wohnberechtigte Bevölkerung;4895
31.12.2018;29 Schloss;Wohnberechtigte Bevölkerung;2392
31.12.2018;31 Aaseestadt;Wohnberechtigte Bevölkerung;5818
31.12.2018;32 Geist;Wohnberechtigte Bevölkerung;9243
31.12.2018;33 Schützenhof;Wohnberechtigte Bevölkerung;8119
31.12.2018;34 Düesberg;Wohnberechtigte Bevölkerung;7222
31.12.2018;43 Hafen;Wohnberechtigte Bevölkerung;1126
31.12.2018;44 Herz-Jesu;Wohnberechtigte Bevölkerung;5183
31.12.2018;45 Mauritz-Mitte;Wohnberechtigte Bevölkerung;10486
31.12.2018;46 Rumphorst;Wohnberechtigte Bevölkerung;8063
31.12.2018;47 Uppenberg;Wohnberechtigte Bevölkerung;9135
31.12.2018;51 Gievenbeck;Wohnberechtigte Bevölkerung;21187
31.12.2018;52 Sentrup;Wohnberechtigte Bevölkerung;7658
31.12.2018;54 Mecklenbeck;Wohnberechtigte Bevölkerung;9541
31.12.2018;56 Albachten;Wohnberechtigte Bevölkerung;6517
31.12.2018;57 Roxel;Wohnberechtigte Bevölkerung;9327
31.12.2018;58 Nienberge;Wohnberechtigte Bevölkerung;6935
31.12.2018;61 Coerde;Wohnberechtigte Bevölkerung;11222
31.12.2018;62 Kinderhaus-Ost;Wohnberechtigte Bevölkerung;5165
31.12.2018;63 Kinderhaus-West;Wohnberechtigte Bevölkerung;10680
31.12.2018;68 Sprakel;Wohnberechtigte Bevölkerung;3464
31.12.2018;71 Mauritz-Ost;Wohnberechtigte Bevölkerung;11054
31.12.2018;76 Gelmer-Dyckburg;Wohnberechtigte Bevölkerung;3889
31.12.2018;77 Handorf;Wohnberechtigte Bevölkerung;8040
31.12.2018;81 Gremmendorf-West;Wohnberechtigte Bevölkerung;5240
31.12.2018;82 Gremmendorf-Ost;Wohnberechtigte Bevölkerung;6770
31.12.2018;86 Angelmodde;Wohnberechtigte Bevölkerung;8525
31.12.2018;87 Wolbeck;Wohnberechtigte Bevölkerung;9582
31.12.2018;91 Berg Fidel;Wohnberechtigte Bevölkerung;5921
31.12.2018;95 Hiltrup-Ost;Wohnberechtigte Bevölkerung;6183
31.12.2018;96 Hiltrup-Mitte;Wohnberechtigte Bevölkerung;10070
31.12.2018;97 Hiltrup-West;Wohnberechtigte Bevölkerung;9651
31.12.2018;98 Amelsbüren;Wohnberechtigte Bevölkerung;6480
31.12.2019;11 Aegidii;Wohnberechtigte Bevölkerung;1500
31.12.2019;12 Überwasser;Wohnberechtigte Bevölkerung;1413
31.12.2019;13 Dom;Wohnberechtigte Bevölkerung;2290
31.12.2019;14 Buddenturm;Wohnberechtigte Bevölkerung;2505
31.12.2019;15 Martini;Wohnberechtigte Bevölkerung;1271
31.12.2019;21 Pluggendorf;Wohnberechtigte Bevölkerung;4560
31.12.2019;22 Josef;Wohnberechtigte Bevölkerung;8795
31.12.2019;23 Bahnhof;Wohnberechtigte Bevölkerung;1499
31.12.2019;24 Hansaplatz;Wohnberechtigte Bevölkerung;7121
31.12.2019;25 Mauritz-West;Wohnberechtigte Bevölkerung;6504
31.12.2019;26 Schlachthof;Wohnberechtigte Bevölkerung;5979
31.12.2019;27 Kreuz;Wohnberechtigte Bevölkerung;12744
31.12.2019;28 Neutor;Wohnberechtigte Bevölkerung;5128
31.12.2019;29 Schloss;Wohnberechtigte Bevölkerung;2421
31.12.2019;31 Aaseestadt;Wohnberechtigte Bevölkerung;5781
31.12.2019;32 Geist;Wohnberechtigte Bevölkerung;9347
31.12.2019;33 Schützenhof;Wohnberechtigte Bevölkerung;8154
31.12.2019;34 Düesberg;Wohnberechtigte Bevölkerung;7229
31.12.2019;43 Hafen;Wohnberechtigte Bevölkerung;1131
31.12.2019;44 Herz-Jesu;Wohnberechtigte Bevölkerung;5259
31.12.2019;45 Mauritz-Mitte;Wohnberechtigte Bevölkerung;10471
31.12.2019;46 Rumphorst;Wohnberechtigte Bevölkerung;8221
31.12.2019;47 Uppenberg;Wohnberechtigte Bevölkerung;9162
31.12.2019;51 Gievenbeck;Wohnberechtigte Bevölkerung;21163
31.12.2019;52 Sentrup;Wohnberechtigte Bevölkerung;7675
31.12.2019;54 Mecklenbeck;Wohnberechtigte Bevölkerung;9709
31.12.2019;56 Albachten;Wohnberechtigte Bevölkerung;6476
31.12.2019;57 Roxel;Wohnberechtigte Bevölkerung;9395
31.12.2019;58 Nienberge;Wohnberechtigte Bevölkerung;6964
31.12.2019;61 Coerde;Wohnberechtigte Bevölkerung;11256
31.12.2019;62 Kinderhaus-Ost;Wohnberechtigte Bevölkerung;5291
31.12.2019;63 Kinderhaus-West;Wohnberechtigte Bevölkerung;10746
31.12.2019;68 Sprakel;Wohnberechtigte Bevölkerung;3557
31.12.2019;71 Mauritz-Ost;Wohnberechtigte Bevölkerung;11087
31.12.2019;76 Gelmer-Dyckburg;Wohnberechtigte Bevölkerung;3904
31.12.2019;77 Handorf;Wohnberechtigte Bevölkerung;8035
31.12.2019;81 Gremmendorf-West;Wohnberechtigte Bevölkerung;5176
31.12.2019;82 Gremmendorf-Ost;Wohnberechtigte Bevölkerung;6704
31.12.2019;86 Angelmodde;Wohnberechtigte Bevölkerung;8578
31.12.2019;87 Wolbeck;Wohnberechtigte Bevölkerung;9721
31.12.2019;91 Berg Fidel;Wohnberechtigte Bevölkerung;5873
31.12.2019;95 Hiltrup-Ost;Wohnberechtigte Bevölkerung;6229
31.12.2019;96 Hiltrup-Mitte;Wohnberechtigte Bevölkerung;10078
31.12.2019;97 Hiltrup-West;Wohnberechtigte Bevölkerung;9585
31.12.2019;98 Amelsbüren;Wohnberechtigte Bevölkerung;6482
31.12.2020;11 Aegidii;Wohnberechtigte Bevölkerung;1484
31.12.2020;12 Überwasser;Wohnberechtigte Bevölkerung;1417
31.12.2020;13 Dom;Wohnberechtigte Bevölkerung;2298
31.12.2020;14 Buddenturm;Wohnberechtigte Bevölkerung;2480
31.12.2020;15 Martini;Wohnberechtigte Bevölkerung;1275
31.12.2020;21 Pluggendorf;Wohnberechtigte Bevölkerung;4587
31.12.2020;22 Josef;Wohnberechtigte Bevölkerung;8674
31.12.2020;23 Bahnhof;Wohnberechtigte Bevölkerung;1534
31.12.2020;24 Hansaplatz;Wohnberechtigte Bevölkerung;7088
31.12.2020;25 Mauritz-West;Wohnberechtigte Bevölkerung;6504
31.12.2020;26 Schlachthof;Wohnberechtigte Bevölkerung;5948
31.12.2020;27 Kreuz;Wohnberechtigte Bevölkerung;12670
31.12.2020;28 Neutor;Wohnberechtigte Bevölkerung;5118
31.12.2020;29 Schloss;Wohnberechtigte Bevölkerung;2436
31.12.2020;31 Aaseestadt;Wohnberechtigte Bevölkerung;5897
31.12.2020;32 Geist;Wohnberechtigte Bevölkerung;9237
31.12.2020;33 Schützenhof;Wohnberechtigte Bevölkerung;8026
31.12.2020;34 Düesberg;Wohnberechtigte Bevölkerung;7237
31.12.2020;43 Hafen;Wohnberechtigte Bevölkerung;1116
31.12.2020;44 Herz-Jesu;Wohnberechtigte Bevölkerung;5279
31.12.2020;45 Mauritz-Mitte;Wohnberechtigte Bevölkerung;10431
31.12.2020;46 Rumphorst;Wohnberechtigte Bevölkerung;8517
31.12.2020;47 Uppenberg;Wohnberechtigte Bevölkerung;9118
31.12.2020;51 Gievenbeck;Wohnberechtigte Bevölkerung;21038
31.12.2020;52 Sentrup;Wohnberechtigte Bevölkerung;7640
31.12.2020;54 Mecklenbeck;Wohnberechtigte Bevölkerung;10290
31.12.2020;56 Albachten;Wohnberechtigte Bevölkerung;6474
31.12.2020;57 Roxel;Wohnberechtigte Bevölkerung;9351
31.12.2020;58 Nienberge;Wohnberechtigte Bevölkerung;6915
31.12.2020;61 Coerde;Wohnberechtigte Bevölkerung;11213
31.12.2020;62 Kinderhaus-Ost;Wohnberechtigte Bevölkerung;5444
31.12.2020;63 Kinderhaus-West;Wohnberechtigte Bevölkerung;10775
31.12.2020;68 Sprakel;Wohnberechtigte Bevölkerung;3541
31.12.2020;71 Mauritz-Ost;Wohnberechtigte Bevölkerung;11227
31.12.2020;76 Gelmer-Dyckburg;Wohnberechtigte Bevölkerung;3945
31.12.2020;77 Handorf;Wohnberechtigte Bevölkerung;8042
31.12.2020;81 Gremmendorf-West;Wohnberechtigte Bevölkerung;5170
31.12.2020;82 Gremmendorf-Ost;Wohnberechtigte Bevölkerung;6652
31.12.2020;86 Angelmodde;Wohnberechtigte Bevölkerung;8631
31.12.2020;87 Wolbeck;Wohnberechtigte Bevölkerung;9922
31.12.2020;91 Berg Fidel;Wohnberechtigte Bevölkerung;5799
31.12.2020;95 Hiltrup-Ost;Wohnberechtigte Bevölkerung;6223
31.12.2020;96 Hiltrup-Mitte;Wohnberechtigte Bevölkerung;10081
31.12.2020;97 Hiltrup-West;Wohnberechtigte Bevölkerung;9629
31.12.2020;98 Amelsbüren;Wohnberechtigte Bevölkerung;6596
31.12.2021;11 Aegidii;Wohnberechtigte Bevölkerung;1497
31.12.2021;12 Überwasser;Wohnberechtigte Bevölkerung;1399
31.12.2021;13 Dom;Wohnberechtigte Bevölkerung;2297
31.12.2021;14 Buddenturm;Wohnberechtigte Bevölkerung;2508
31.12.2021;15 Martini;Wohnberechtigte Bevölkerung;1251
31.12.2021;21 Pluggendorf;Wohnberechtigte Bevölkerung;4515
31.12.2021;22 Josef;Wohnberechtigte Bevölkerung;8641
31.12.2021;23 Bahnhof;Wohnberechtigte Bevölkerung;1559
31.12.2021;24 Hansaplatz;Wohnberechtigte Bevölkerung;7061
31.12.2021;25 Mauritz-West;Wohnberechtigte Bevölkerung;6433
31.12.2021;26 Schlachthof;Wohnberechtigte Bevölkerung;6067
31.12.2021;27 Kreuz;Wohnberechtigte Bevölkerung;12634
31.12.2021;28 Neutor;Wohnberechtigte Bevölkerung;5183
31.12.2021;29 Schloss;Wohnberechtigte Bevölkerung;2519
31.12.2021;31 Aaseestadt;Wohnberechtigte Bevölkerung;5917
31.12.2021;32 Geist;Wohnberechtigte Bevölkerung;9210
31.12.2021;33 Schützenhof;Wohnberechtigte Bevölkerung;8075
31.12.2021;34 Düesberg;Wohnberechtigte Bevölkerung;7165
31.12.2021;43 Hafen;Wohnberechtigte Bevölkerung;1089
31.12.2021;44 Herz-Jesu;Wohnberechtigte Bevölkerung;5288
31.12.2021;45 Mauritz-Mitte;Wohnberechtigte Bevölkerung;10314
31.12.2021;46 Rumphorst;Wohnberechtigte Bevölkerung;9137
31.12.2021;47 Uppenberg;Wohnberechtigte Bevölkerung;9104
31.12.2021;51 Gievenbeck;Wohnberechtigte Bevölkerung;21322
31.12.2021;52 Sentrup;Wohnberechtigte Bevölkerung;7559
31.12.2021;54 Mecklenbeck;Wohnberechtigte Bevölkerung;10546
31.12.2021;56 Albachten;Wohnberechtigte Bevölkerung;6461
31.12.2021;57 Roxel;Wohnberechtigte Bevölkerung;9325
31.12.2021;58 Nienberge;Wohnberechtigte Bevölkerung;6921
31.12.2021;61 Coerde;Wohnberechtigte Bevölkerung;11057
31.12.2021;62 Kinderhaus-Ost;Wohnberechtigte Bevölkerung;5350
31.12.2021;63 Kinderhaus-West;Wohnberechtigte Bevölkerung;10701
31.12.2021;68 Sprakel;Wohnberechtigte Bevölkerung;3590
31.12.2021;71 Mauritz-Ost;Wohnberechtigte Bevölkerung;11374
31.12.2021;76 Gelmer-Dyckburg;Wohnberechtigte Bevölkerung;3941
31.12.2021;77 Handorf;Wohnberechtigte Bevölkerung;8053
31.12.2021;81 Gremmendorf-West;Wohnberechtigte Bevölkerung;5442
31.12.2021;82 Gremmendorf-Ost;Wohnberechtigte Bevölkerung;6584
31.12.2021;86 Angelmodde;Wohnberechtigte Bevölkerung;8723
31.12.2021;87 Wolbeck;Wohnberechtigte Bevölkerung;10303
31.12.2021;91 Berg Fidel;Wohnberechtigte Bevölkerung;5807
31.12.2021;95 Hiltrup-Ost;Wohnberechtigte Bevölkerung;6209
31.12.2021;96 Hiltrup-Mitte;Wohnberechtigte Bevölkerung;10053
31.12.2021;97 Hiltrup-West;Wohnberechtigte Bevölkerung;9556
31.12.2021;98 Amelsbüren;Wohnberechtigte Bevölkerung;6592
31.12.2022;11 Aegidii;Wohnberechtigte Bevölkerung;1449
31.12.2022;12 Überwasser;Wohnberechtigte Bevölkerung;1377
31.12.2022;13 Dom;Wohnberechtigte Bevölkerung;2348
31.12.2022;14 Buddenturm;Wohnberechtigte Bevölkerung;2542
31.12.2022;15 Martini;Wohnberechtigte Bevölkerung;1319
31.12.2022;21 Pluggendorf;Wohnberechtigte Bevölkerung;4618
31.12.2022;22 Josef;Wohnberechtigte Bevölkerung;8678
31.12.2022;23 Bahnhof;Wohnberechtigte Bevölkerung;1700
31.12.2022;24 Hansaplatz;Wohnberechtigte Bevölkerung;7227
31.12.2022;25 Mauritz-West;Wohnberechtigte Bevölkerung;6431
31.12.2022;26 Schlachthof;Wohnberechtigte Bevölkerung;6035
31.12.2022;27 Kreuz;Wohnberechtigte Bevölkerung;12703
31.12.2022;28 Neutor;Wohnberechtigte Bevölkerung;5506
31.12.2022;29 Schloss;Wohnberechtigte Bevölkerung;2502
31.12.2022;31 Aaseestadt;Wohnberechtigte Bevölkerung;5989
31.12.2022;32 Geist;Wohnberechtigte Bevölkerung;9279
31.12.2022;33 Schützenhof;Wohnberechtigte Bevölkerung;8196
31.12.2022;34 Düesberg;Wohnberechtigte Bevölkerung;7144
31.12.2022;43 Hafen;Wohnberechtigte Bevölkerung;1114
31.12.2022;44 Herz-Jesu;Wohnberechtigte Bevölkerung;5306
31.12.2022;45 Mauritz-Mitte;Wohnberechtigte Bevölkerung;10543
31.12.2022;46 Rumphorst;Wohnberechtigte Bevölkerung;9476
31.12.2022;47 Uppenberg;Wohnberechtigte Bevölkerung;9145
31.12.2022;51 Gievenbeck;Wohnberechtigte Bevölkerung;21768
31.12.2022;52 Sentrup;Wohnberechtigte Bevölkerung;8081
31.12.2022;54 Mecklenbeck;Wohnberechtigte Bevölkerung;10714
31.12.2022;56 Albachten;Wohnberechtigte Bevölkerung;6508
31.12.2022;57 Roxel;Wohnberechtigte Bevölkerung;9386
31.12.2022;58 Nienberge;Wohnberechtigte Bevölkerung;7040
31.12.2022;61 Coerde;Wohnberechtigte Bevölkerung;11177
31.12.2022;62 Kinderhaus-Ost;Wohnberechtigte Bevölkerung;5374
31.12.2022;63 Kinderhaus-West;Wohnberechtigte Bevölkerung;10767
31.12.2022;68 Sprakel;Wohnberechtigte Bevölkerung;3680
31.12.2022;71 Mauritz-Ost;Wohnberechtigte Bevölkerung;11507
31.12.2022;76 Gelmer-Dyckburg;Wohnberechtigte Bevölkerung;4063
31.12.2022;77 Handorf;Wohnberechtigte Bevölkerung;8163
31.12.2022;81 Gremmendorf-West;Wohnberechtigte Bevölkerung;6012
31.12.2022;82 Gremmendorf-Ost;Wohnberechtigte Bevölkerung;6537
31.12.2022;86 Angelmodde;Wohnberechtigte Bevölkerung;8751
31.12.2022;87 Wolbeck;Wohnberechtigte Bevölkerung;10646
31.12.2022;91 Berg Fidel;Wohnberechtigte Bevölkerung;5857
31.12.2022;95 Hiltrup-Ost;Wohnberechtigte Bevölkerung;6172
31.12.2022;96 Hiltrup-Mitte;Wohnberechtigte Bevölkerung;10250
31.12.2022;97 Hiltrup-West;Wohnberechtigte Bevölkerung;9493
31.12.2022;98 Amelsbüren;Wohnberechtigte Bevölkerung;6868
31.12.2023;11 Aegidii;Wohnberechtigte Bevölkerung;1441
31.12.2023;12 Überwasser;Wohnberechtigte Bevölkerung;1402
31.12.2023;13 Dom;Wohnberechtigte Bevölkerung;2357
31.12.2023;14 Buddenturm;Wohnberechtigte Bevölkerung;2505
31.12.2023;15 Martini;Wohnberechtigte Bevölkerung;1306
31.12.2023;21 Pluggendorf;Wohnberechtigte Bevölkerung;4649
31.12.2023;22 Josef;Wohnberechtigte Bevölkerung;8752
31.12.2023;23 Bahnhof;Wohnberechtigte Bevölkerung;1705
31.12.2023;24 Hansaplatz;Wohnberechtigte Bevölkerung;7269
31.12.2023;25 Mauritz-West;Wohnberechtigte Bevölkerung;6400
31.12.2023;26 Schlachthof;Wohnberechtigte Bevölkerung;5989
31.12.2023;27 Kreuz;Wohnberechtigte Bevölkerung;12607
31.12.2023;28 Neutor;Wohnberechtigte Bevölkerung;5529
31.12.2023;29 Schloss;Wohnberechtigte Bevölkerung;2512
31.12.2023;31 Aaseestadt;Wohnberechtigte Bevölkerung;6045
31.12.2023;32 Geist;Wohnberechtigte Bevölkerung;9247
31.12.2023;33 Schützenhof;Wohnberechtigte Bevölkerung;8228
31.12.2023;34 Düesberg;Wohnberechtigte Bevölkerung;7191
31.12.2023;43 Hafen;Wohnberechtigte Bevölkerung;1098
31.12.2023;44 Herz-Jesu;Wohnberechtigte Bevölkerung;5383
31.12.2023;45 Mauritz-Mitte;Wohnberechtigte Bevölkerung;10499
31.12.2023;46 Rumphorst;Wohnberechtigte Bevölkerung;9990
31.12.2023;47 Uppenberg;Wohnberechtigte Bevölkerung;9116
31.12.2023;51 Gievenbeck;Wohnberechtigte Bevölkerung;21701
31.12.2023;52 Sentrup;Wohnberechtigte Bevölkerung;8369
31.12.2023;54 Mecklenbeck;Wohnberechtigte Bevölkerung;10797
31.12.2023;56 Albachten;Wohnberechtigte Bevölkerung;6568
31.12.2023;57 Roxel;Wohnberechtigte Bevölkerung;9392
31.12.2023;58 Nienberge;Wohnberechtigte Bevölkerung;6979
31.12.2023;61 Coerde;Wohnberechtigte Bevölkerung;11101
31.12.2023;62 Kinderhaus-Ost;Wohnberechtigte Bevölkerung;5518
31.12.2023;63 Kinderhaus-West;Wohnberechtigte Bevölkerung;10759
31.12.2023;68 Sprakel;Wohnberechtigte Bevölkerung;3653
31.12.2023;71 Mauritz-Ost;Wohnberechtigte Bevölkerung;11530
31.12.2023;76 Gelmer-Dyckburg;Wohnberechtigte Bevölkerung;4025
31.12.2023;77 Handorf;Wohnberechtigte Bevölkerung;8151
31.12.2023;81 Gremmendorf-West;Wohnberechtigte Bevölkerung;6897
31.12.2023;82 Gremmendorf-Ost;Wohnberechtigte Bevölkerung;6478
31.12.2023;86 Angelmodde;Wohnberechtigte Bevölkerung;8818
31.12.2023;87 Wolbeck;Wohnberechtigte Bevölkerung;10724
31.12.2023;91 Berg Fidel;Wohnberechtigte Bevölkerung;5863
31.12.2023;95 Hiltrup-Ost;Wohnberechtigte Bevölkerung;6126
31.12.2023;96 Hiltrup-Mitte;Wohnberechtigte Bevölkerung;10370
31.12.2023;97 Hiltrup-West;Wohnberechtigte Bevölkerung;9541
31.12.2023;98 Amelsbüren;Wohnberechtigte Bevölkerung;6841
